Название светильника,Цена,Ссылка
Люстра Ливсден Brown,16 990руб.,https://www.divan.ru/product/lyustra-livsden-brown
Подвесной светильник Ливсден Brown,4590руб.,https://www.divan.ru/product/podvesnoj-svetilnik-livsden-brown
Настольная лампа Ливсден Brown,7590руб.,https://www.divan.ru/product/nastolnaya-lampa-livsden-brown
Торшер Ливсден Brown,11 990руб.,https://www.divan.ru/product/torsher-livsden-brown
Бра Флиммер Black,1690руб.,https://www.divan.ru/product/bra-flimmer-black
Люстра Флиммер Black,6990руб.,https://www.divan.ru/product/lyustra-flimmer-black
Подвесной светильник Флиммер Black,1790руб.,https://www.divan.ru/product/podvesnoj-svetilnik-flimmer-black
Настольная лампа Флиммер Black,2990руб.,https://www.divan.ru/product/nastolnaya-lampa-flimmer-black
Торшер Флиммер Black,4990руб.,https://www.divan.ru/product/torsher-flimmer-black
Настольная лампа Нидлс Raffia Beige,4990руб.,https://www.divan.ru/product/nastolnaya-lampa-nidls-raffia-beige
Люстра Гейза Black,8990руб.,https://www.divan.ru/product/lyustra-gejza-black
Настольная лампа Гейза Black,3990руб.,https://www.divan.ru/product/nastolnaya-lampa-gejza-black
Настольная лампа Гейза Pink,2590руб.,https://www.divan.ru/product/nastolnaya-lampa-gejza-pink
Настольная лампа Гейза Blue,3990руб.,https://www.divan.ru/product/nastolnaya-lampa-gejza-blue
Настольная лампа Гейза Orange,2590руб.,https://www.divan.ru/product/nastolnaya-lampa-gejza-orange
Настольная лампа Алней Black,3990руб.,https://www.divan.ru/product/nastolnaya-lampa-alnej-black
Настольная лампа Алней Beige,3990руб.,https://www.divan.ru/product/nastolnaya-lampa-alnej-beige
Настольная лампа Алней Green,3990руб.,https://www.divan.ru/product/nastolnaya-lampa-alnej-green
Настольная лампа Алней Orange,3990руб.,https://www.divan.ru/product/nastolnaya-lampa-alnej-orange
Торшер Алней Green,7990руб.,https://www.divan.ru/product/torsher-alnej-green
Торшер Алней Black,7990руб.,https://www.divan.ru/product/torsher-alnej-black
Торшер Алней Orange,7990руб.,https://www.divan.ru/product/torsher-alnej-orange
Торшер Алней Beige,7990руб.,https://www.divan.ru/product/torsher-alnej-beige
Настольная лампа Арбет Orange,2390руб.,https://www.divan.ru/product/nastolnaya-lampa-arbet-orange
Настольная лампа Арбет Silver,2590руб.,https://www.divan.ru/product/nastolnaya-lampa-arbet-silver
Настольная лампа Арбет Beige,1890руб.,https://www.divan.ru/product/nastolnaya-lampa-arbet-beige
Настольная лампа Арбет White,1890руб.,https://www.divan.ru/product/nastolnaya-lampa-arbet-white
Настольная лампа Арбет Black,1890руб.,https://www.divan.ru/product/nastolnaya-lampa-arbet-black
Настольная лампа Синдри Grey,4390руб.,https://www.divan.ru/product/nastolnaya-lampa-sindri-grey
Люстра Синдри Black,13 990руб.,https://www.divan.ru/product/lyustra-sindri-black
Настольная лампа Манэт White,2690руб.,https://www.divan.ru/product/nastolnaya-lampa-manet-white
Настольная лампа Леррет Beige,3990руб.,https://www.divan.ru/product/nastolnaya-lampa-lerret-beige
Настольная лампа Леррет White,2590руб.,https://www.divan.ru/product/nastolnaya-lampa-lerret-white
Настольная лампа Истад Black,1590руб.,https://www.divan.ru/product/nastolnaya-lampa-istad-black
Настольная лампа Истад White,1590руб.,https://www.divan.ru/product/nastolnaya-lampa-istad-white
Люстра Боллар White,22 990руб.,https://www.divan.ru/product/lyustra-bollar-white
Настольная лампа Рибе Black,1990руб.,https://www.divan.ru/product/nastolnaya-lampa-ribe-black
Настольная лампа Рибе Orange,1990руб.,https://www.divan.ru/product/nastolnaya-lampa-ribe-orange
Настольная лампа Снибальд White,490руб.,https://www.divan.ru/product/nastolnaya-lampa-snibald-white
Настольная лампа Спайк Pink,1290руб.,https://www.divan.ru/product/nastolnaya-lampa-spajk-pink
Настольная лампа Спайк White,1290руб.,https://www.divan.ru/product/nastolnaya-lampa-spajk-white
Настольная лампа Астри Black,1290руб.,https://www.divan.ru/product/nastolnaya-lampa-astri-black
Настольная лампа Астри Beige,1390руб.,https://www.divan.ru/product/nastolnaya-lampa-astri-beige
Подвесной светильник Клауд White,10 990руб.,https://www.divan.ru/product/podvesnoj-svetilnik-klaud-white
Торшер Клауд White,18 290руб.,https://www.divan.ru/product/torsher-klaud-white
Настольная лампа Клауд White,15 990руб.,https://www.divan.ru/product/nastolnaya-lampa-klaud-white
Настольная лампа Машрум Olive,3990руб.,https://www.divan.ru/product/nastolnaya-lampa-mashrum-olive
Настольная лампа Машрум Pink,3990руб.,https://www.divan.ru/product/nastolnaya-lampa-mashrum-pink
Настольная лампа Машрум Gold,4990руб.,https://www.divan.ru/product/nastolnaya-lampa-mashrum-gold
Бра Берит Black,3990руб.,https://www.divan.ru/product/bra-berit-black
Бра Берит Orange,3990руб.,https://www.divan.ru/product/bra-berit-orange
Бра Бракетт Black,3990руб.,https://www.divan.ru/product/bra-brakett-black
Бра Бракетт White,3990руб.,https://www.divan.ru/product/bra-brakett-white
Подвесной светильник Малинг Olive,5590руб.,https://www.divan.ru/product/podvesnoj-svetilnik-maling-olive
Подвесной светильник Малинг Orange,6690руб.,https://www.divan.ru/product/podvesnoj-svetilnik-maling-orange
Подвесной светильник Малинг Black,5590руб.,https://www.divan.ru/product/podvesnoj-svetilnik-maling-black
Торшер Осло Blue,17 990руб.,https://www.divan.ru/product/torsher-oslo-blue
Торшер Осло Black,16 990руб.,https://www.divan.ru/product/torsher-oslo-black
Торшер Энкель Black,5590руб.,https://www.divan.ru/product/torsher-enkel-black
Настольная лампа Требен White,2990руб.,https://www.divan.ru/product/nastolnaya-lampa-treben-white
Настольная лампа Требен Orange,2990руб.,https://www.divan.ru/product/nastolnaya-lampa-treben-orange
Подвесной светильник Сансет Black,4590руб.,https://www.divan.ru/product/podvesnoj-svetilnik-sanset-black
Торшер Раффи Round,11 690руб.,https://www.divan.ru/product/torsher-raffi-round
Настольная лампа Гросс White,4690руб.,https://www.divan.ru/product/nastolnaya-lampa-gross-white
Подвесной светильник Бабл-9,19 990руб.,https://www.divan.ru/product/podvesnoj-svetilnik-babl-9
Торшер Бабл-1,7990руб.,https://www.divan.ru/product/torsher-babl-1
Подвесной светильник Бабл-3,5990руб.,https://www.divan.ru/product/podvesnoj-svetilnik-babl-3
Бра Бабл Black,2490руб.,https://www.divan.ru/product/bra-babl-black
Настольная лампа Дэнди Black,5990руб.,https://www.divan.ru/product/nastolnaya-lampa-dendi-black
Настольная лампа Дэнди White,5990руб.,https://www.divan.ru/product/nastolnaya-lampa-dendi-white
Торшер Варио White,7590руб.,https://www.divan.ru/product/torsher-vario-white
Бра Варио Black,1490руб.,https://www.divan.ru/product/bra-vario-black
Подвесной светильник Кэндел Black,3990руб.,https://www.divan.ru/product/podvesnoj-svetilnik-kendel-black
Подвесной светильник Кэндел White,3990руб.,https://www.divan.ru/product/podvesnoj-svetilnik-kendel-white
Торшер Мун Black,8990руб.,https://www.divan.ru/product/torsher-mun-black
Бра Moderli Alina,2990руб.,https://www.divan.ru/product/bra-moderli-alina
Подвесной светильник Маро Green,7590руб.,https://www.divan.ru/product/podvesnoj-svetilnik-maro-green
Светильник потолочный Matthew,5690руб.,https://www.divan.ru/product/svetilnik-potolochnyj-matthew
Бра Galdakao-1,6590руб.,https://www.divan.ru/product/bra-galdakao
Подвесной светильник Лума Gold,4990руб.,https://www.divan.ru/product/podvesnoj-svetilnik-luma-gold
Люстра Монти-5 White,17 190руб.,https://www.divan.ru/product/lyustra-monti-5-white
Торшер Билли White,19 690руб.,https://www.divan.ru/product/torsher-billi-white
Подвесной светильник Ори Gold,3090руб.,https://www.divan.ru/product/podvesnoj-svetilnik-ori-gold
Бра Bolla-Unica,5290руб.,https://www.divan.ru/product/bra-bolla-unica
Подвесной светильник Онтарио Olive,10 490руб.,https://www.divan.ru/product/podvesnoj-svetilnik-ontario-olive
Подвесной светильник Онтарио Brown,12 390руб.,https://www.divan.ru/product/podvesnoj-svetilnik-ontario-brown
Настольная лампа Moderli Suspent,3890руб.,https://www.divan.ru/product/nastolnaya-lampa-moderli-suspent
Подвесной светильник Онтарио Gray,12 390руб.,https://www.divan.ru/product/podvesnoj-svetilnik-ontario-gray
Торшер Moderli Suspent,7590руб.,https://www.divan.ru/product/torsher-moderli-suspent
Подвесной светильник Альта Black,4290руб.,https://www.divan.ru/product/podvesnoj-svetilnik-alta-black
Подвесной светильник Narices-1,30 290руб.,https://www.divan.ru/product/podvesnoj-svetilnik-narices-1
Подвесной светильник Селф Gold,4390руб.,https://www.divan.ru/product/podvesnoj-svetilnik-self-gold
Подвесной светильник Кая Black,2890руб.,https://www.divan.ru/product/podvesnoj-svetilnik-kaya-black
Подвесной светильник Эйр White,6290руб.,https://www.divan.ru/product/podvesnoj-svetilnik-ejr-white
Подвесной светильник Селф White,4090руб.,https://www.divan.ru/product/podvesnoj-svetilnik-self-white
Подвесной светильник Moderli Lewes,14 690руб.,https://www.divan.ru/product/podvesnoj-svetilnik-moderli-lewes
Бра Cornus White,5290руб.,https://www.divan.ru/product/bra-cornus-white
Подвесной светильник Клэри Brown,9490руб.,https://www.divan.ru/product/podvesnoj-svetilnik-kleri-brown
Подвесной светильник Талли Black,7490руб.,https://www.divan.ru/product/podvesnoj-svetilnik-talli-black
Спот Лайт-1 White,2890руб.,https://www.divan.ru/product/spot-lajt-1-white
Подвесной светильник Вэлли Olive,6490руб.,https://www.divan.ru/product/podvesnoj-svetilnik-velli-olive
Подвесной светильник Полярик Silver,5590руб.,https://www.divan.ru/product/podvesnoj-svetilnik-polyarik-silver
Бра Nevy Silver,8690руб.,https://www.divan.ru/product/bra-nevy-silver
Подвесной светильник Агато Black,9490руб.,https://www.divan.ru/product/podvesnoj-svetilnik-agato-black
Подвесной светильник Priddy,9890руб.,https://www.divan.ru/product/podvesnoj-svetilnik-priddy
Бра Твинки Black,3690руб.,https://www.divan.ru/product/bra-tvinki-black
Подвесной светильник Moderli Alina,10 990руб.,https://www.divan.ru/product/podvesnoj-svetilnik-moderli-alina
Настольная лампа Омаха White,10 490руб.,https://www.divan.ru/product/nastolnaya-lampa-omaha-white
Подвесной светильник Агато Brown,9490руб.,https://www.divan.ru/product/podvesnoj-svetilnik-agato-brown
Подвесной светильник Moderli Host-1,4390руб.,https://www.divan.ru/product/podvesnoj-svetilnik-moderli-host-1
Подвесной светильник Ори White,2990руб.,https://www.divan.ru/product/podvesnoj-svetilnik-ori-white
Люстра Джеоми White,13 890руб.,https://www.divan.ru/product/lyustra-djeomi-white
Подвесной светильник Селф Gray,3990руб.,https://www.divan.ru/product/podvesnoj-svetilnik-self-gray
Подвесной светильник Ринна White,5590руб.,https://www.divan.ru/product/podvesnoj-svetilnik-rinna-white
Подвесной светильник Ридж White,3290руб.,https://www.divan.ru/product/podvesnoj-svetilnik-ridj-white
Подвесной светильник Дроп Gray,2990руб.,https://www.divan.ru/product/podvesnoj-svetilnik-drop-gray
Люстра Лима-5 White,9790руб.,https://www.divan.ru/product/lyustra-lima-5-white
Бра Брик Black,4190руб.,https://www.divan.ru/product/bra-brik-black
Бра Твинки Grey,3690руб.,https://www.divan.ru/product/bra-tvinki-grey
Настольная лампа Шоу Black,7190руб.,https://www.divan.ru/product/nastolnaya-lampa-shou-black
Подвесной светильник Мантис Olive,17 990руб.,https://www.divan.ru/product/podvesnoj-svetilnik-mantis-olive
Торшер Омаха White,12 490руб.,https://www.divan.ru/product/torsher-omaha-white
Подвесной светильник Онтарио Black,10 490руб.,https://www.divan.ru/product/podvesnoj-svetilnik-ontario-black
Подвесной светильник Пескара Yellow,5590руб.,https://www.divan.ru/product/podvesnoj-svetilnik-peskara-yellow
Подвесной светильник Дроп White,2990руб.,https://www.divan.ru/product/podvesnoj-svetilnik-drop-white
Подвесной светильник Ринна Beige,5590руб.,https://www.divan.ru/product/podvesnoj-svetilnik-rinna-beige
Подвесной светильник Ори Black,3090руб.,https://www.divan.ru/product/podvesnoj-svetilnik-ori-black
Подвесной светильник Фиона Gray,3090руб.,https://www.divan.ru/product/podvesnoj-svetilnik-fiona-gray
Подвесной светильник Эйр Beige,5990руб.,https://www.divan.ru/product/podvesnoj-svetilnik-ejr-beige
Подвесной светильник Клэри BLack,9490руб.,https://www.divan.ru/product/podvesnoj-svetilnik-kleri-black
Подвесной светильник Альта Gold,4290руб.,https://www.divan.ru/product/podvesnoj-svetilnik-alta-gold
Подвесной светильник Мантис Black,17 990руб.,https://www.divan.ru/product/podvesnoj-svetilnik-mantis-black
Подвесной светильник Плейн White,10 990руб.,https://www.divan.ru/product/podvesnoj-svetilnik-plejn-white
Подвесной светильник Лечче Mint,5590руб.,https://www.divan.ru/product/podvesnoj-svetilnik-lechche-mint
Подвесной светильник Дроп Black,2790руб.,https://www.divan.ru/product/podvesnoj-svetilnik-drop-black
Подвесной светильник Лума Black,4090руб.,https://www.divan.ru/product/podvesnoj-svetilnik-luma-black
Подвесной светильник Фиона White,2990руб.,https://www.divan.ru/product/podvesnoj-svetilnik-fiona-white
Подвесной светильник Селф Black,4190руб.,https://www.divan.ru/product/podvesnoj-svetilnik-self-black
Подвесной светильник Вэлли Brown,6490руб.,https://www.divan.ru/product/podvesnoj-svetilnik-velli-brown
Подвесной светильник Ринна Black,5290руб.,https://www.divan.ru/product/podvesnoj-svetilnik-rinna-black
Подвесной светильник Мантис Brown,17 990руб.,https://www.divan.ru/product/podvesnoj-svetilnik-mantis-brown
Подвесной светильник Лума White,4190руб.,https://www.divan.ru/product/podvesnoj-svetilnik-luma-white
Торшер Отто Black,7590руб.,https://www.divan.ru/product/torsher-otto-black
Подвесной светильник Лечче Black,4990руб.,https://www.divan.ru/product/podvesnoj-svetilnik-lechche-black
Торшер Флинт-1 White,17 290руб.,https://www.divan.ru/product/torsher-flint-1-white
Бра Техно Стрикт-1 Black,3590руб.,https://www.divan.ru/product/bra-tehno-strikt-1-black
Подвесной светильник Портланд Black,3590руб.,https://www.divan.ru/product/podvesnoj-svetilnik-portland-black
Подвесной светильник Ньютаун-1 Black,11 490руб.,https://www.divan.ru/product/podvesnoj-svetilnik-nyutaun-1-black
Настольная лампа Спайк Green,990руб.,https://www.divan.ru/product/nastolnaya-lampa-spajk-green
Настольная лампа Машрум Grey,4590руб.,https://www.divan.ru/product/nastolnaya-lampa-mashrum-grey
Торшер Рэй Black,5290руб.,https://www.divan.ru/product/torsher-rej-black
Торшер Гросс White,7990руб.,https://www.divan.ru/product/torsher-gross-white
Торшер Вена Beige,11 990руб.,https://www.divan.ru/product/torsher-vena-beige
Торшер Рэй White,5590руб.,https://www.divan.ru/product/torsher-rej-white
Настольная лампа Сфера Black,5390руб.,https://www.divan.ru/product/nastolnaya-lampa-sfera-black
Подвесной светильник Пескара Green,5990руб.,https://www.divan.ru/product/podvesnoj-svetilnik-peskara-green
Настольная лампа Флейк White,6990руб.,https://www.divan.ru/product/nastolnaya-lampa-flejk-white
Подвесной светильник Флейк White,5590руб.,https://www.divan.ru/product/podvesnoj-svetilnik-flejk-white
Торшер Шоу Black,10 990руб.,https://www.divan.ru/product/torsher-shou-black
Торшер Нидлс Khaki,14 990руб.,https://www.divan.ru/product/torsher-nidls-khaki
Торшер Грено Black,11 990руб.,https://www.divan.ru/product/torsher-greno-black
Настольная лампа Рэй Black,3590руб.,https://www.divan.ru/product/nastolnaya-lampa-rej-black
Настольная лампа Раффи Round,7190руб.,https://www.divan.ru/product/nastolnaya-lampa-raffi-round
Торшер Билли Black,19 690руб.,https://www.divan.ru/product/torsher-billi-black
Настольная лампа Гровер Glass,6490руб.,https://www.divan.ru/product/nastolnaya-lampa-grover-glass
Настольная лампа Рэй White,3590руб.,https://www.divan.ru/product/nastolnaya-lampa-rej-white
Подвесной светильник Плейн Black,11 990руб.,https://www.divan.ru/product/podvesnoj-svetilnik-plejn-black
Торшер Вена Black,11 990руб.,https://www.divan.ru/product/torsher-vena-black
Настольная лампа Сфера Orange,5390руб.,https://www.divan.ru/product/nastolnaya-lampa-sfera-orange
Настольная лампа Спайк Orange,990руб.,https://www.divan.ru/product/nastolnaya-lampa-spajk-orange
Торшер Портланд Black,7590руб.,https://www.divan.ru/product/torsher-portland-black
Торшер Arco,13 140руб.,https://www.divan.ru/product/torsher-arco
Торшер Duetto-1,5190руб.,https://www.divan.ru/product/torsher-duetto-1
Спот Лима-3 Black,7790руб.,https://www.divan.ru/product/spot-lima-3-black
,,https://www.divan.ru/product/podvesnoj-svetilnik-babl-quartz
,,https://www.divan.ru/product/podvesnoj-svetilnik-ren-gray
,,https://www.divan.ru/product/podvesnoj-svetilnik-peskara-black
,,https://www.divan.ru/product/podvesnoj-svetilnik-lechche-rose
,,https://www.divan.ru/product/podvesnoj-svetilnik-ren-beige
,,https://www.divan.ru/product/torsher-flint-white
,,https://www.divan.ru/product/podvesnoj-svetilnik-ren-gold
,,https://www.divan.ru/product/torsher-flejk-white
,,https://www.divan.ru/product/podvesnoj-svetilnik-benflit-black
,,https://www.divan.ru/product/podvesnoj-svetilnik-isbit-transparent
,,https://www.divan.ru/product/podvesnoj-svetilnik-kvina-black
,,https://www.divan.ru/product/podvesnoj-svetilnik-kronor-black
,,https://www.divan.ru/product/podvesnoj-svetilnik-kronor-orange
,,https://www.divan.ru/product/podvesnoj-svetilnik-kronor-white
,,https://www.divan.ru/product/svetilnik-potolochnyj-lago-white
,,https://www.divan.ru/product/podvesnoj-svetilnik-namsen-black
,,https://www.divan.ru/product/podvesnoj-svetilnik-otra-wood
,,https://www.divan.ru/product/podvesnoj-svetilnik-rena-green
,,https://www.divan.ru/product/podvesnoj-svetilnik-rena-white
,,https://www.divan.ru/product/svetilnik-potolochnyj-ringa-black
,,https://www.divan.ru/product/svetilnik-potolochnyj-ringa-white
,,https://www.divan.ru/product/bra-smasten-black
,,https://www.divan.ru/product/bra-smasten-white
,,https://www.divan.ru/product/podvesnoj-svetilnik-tubuli-wood
,,https://www.divan.ru/product/podvesnoj-svetilnik-chinkve-gray
,,https://www.divan.ru/product/podvesnoj-svetilnik-chinkve-silver
